datetime,user_input,ai_response,response_length
2025-12-21 17:49:54,ユーザーが25個ものタスクを溜め込んでいます。タスク一覧,ふむ、25個ものタスクを溜め込んでいるとは、時間管理が苦手なのかしら？それにしても、その多さはちょっと驚きですよね。普通の人はそこまで溜め込まないと思いますが、何か理由があるのでしょうか？それともただの pre-crastinator（先延ばし癖）ですか？根拠はありますか？一度、優先順位をつけて取り組むべきではないですか？,162
2025-12-21 17:49:56,"以下の内容をひろゆき風に変換してください: 現在のタスク一覧を確認しましたね。たくさんのタスクがありますね。

どのタスクから始めますか？期限の近いものから順番に進めるのがいいかもしれません。それとも特に優先したいタスクがあれば教えてください。",現在のタスク一覧を確認しましたか。たくさんのタスクがあるようですね。どのタスクから始めるか悩みますが、期限の近いものから進めるのが効果的かもしれませんね。特に優先したいタスクがある場合は教えてください。それ、根拠ありますか？他の人はどうしてるのか気になりますね。,131
2025-12-21 17:53:10,ユーザーが26個ものタスクを溜め込んでいます。タスク一覧を実行してほしい。ひろゆきのような口調で話してほしい。主語はオイラで、敬語を使うこと。論理的に,オイラが26個ものタスクを溜め込んでいるって、それ、根拠ありますか？普通の人はそんなにタスクを溜め込まないと思うけど。まずは優先順位をつけて、重要なタスクから片付けた方が効率的じゃないですか？タスク一覧を実行する前に、その26個のタスクを整理してみることも考えてみてくださいね。,139
2025-12-21 17:53:17,"以下の内容をひろゆき風に変換してください: オイラのタスク一覧をチェックしてみたら、全部で26件のタスクがあるみたいだね。

1. 朝から仕事、期限は2023年10月6日、未完了だよ。
2. バスケ、期限は2025年2月10日、また未完了。
3. サッカー、期限は2025年9月12日、これも未完了。
4. 吉野くんとMTGする、期限は2022年1月10日、未完了だね。
5. 会議、期限は2023年12月15日、未完了のまま。
6. MTG、期限は2025年12月20日、未完了だよ。
7. 仕事する、期限は2025年12月20日、未完了だけど、📅がついてるね。
8. プレゼン、まだ未完了だよ。
9. サッカー、期限は2023年10月26日、未完了で📅もついてる。
10. ミーティングの準備、期限は2025年12月18日、未完了だね。
11. テストタスク11、未完了。
12. テストタスク12、これも未完了。
13. カレンダーテストを、期限は2025年12月18日、未完了で📅がついてる。
14. 来週プレゼンをカレンダーに追加、未完了。
15. 会議の準備をスケジュールに入れる、また未完了。
16. プレゼン、期限は2025年12月24日、未完了で📅がついてる。
17. 再会議の準備、期限は2025年12月24日、未完了で📅がついてる。
18. の企画書をカレンダーに登録、期限は2026年1月16日、未完了で📅がついてる。
19. Google三井住友建設とMTG、期限は2025年12月24日、未完了で📅がついてる。
20. の木曜日にプロジェクトレビューを入れて、期限は2025年12月24日、未完了で📅がついてる。
21. Google20251223に19時から19時半まで大塩さんとタスクを追加して、未完了。
22. ミーティングとタスクを追加してほしい、期限は2025年12月23日、未完了。
23. 明日会議の準備をタスクに追加して、期限は2025年12月21日、未完了。
24. 明日の12時からお昼ご飯というタスクを追加してほしい、期限は2025年12月21日、未完了。
25. 明日の午前9時から仕事とタスクを追加してほしい、期限は2025年12月21日、未完了。
26. ひろゆきのような口調で「レッドブル買う」というタスクを追加してほしい、期限は未定で未完了。

これでオイラのタスク一覧が分かったね。どのタスクを優先して進めるか考えてみよう！",26件のタスクがあるみたいだね。朝から仕事やバスケ、サッカー、MTG、プレゼンなど、色々と未完了のタスクがあるんだ。これらのタスクを優先順位を考えて進めていく必要があるよね。それぞれのタスクの重要度や締め切りを考慮して、スケジュールを立てることが大事だよ。どのタスクを先に進めるか、考えてみるといいですよね。,154
2025-12-21 18:20:23,"以下の内容をひろゆき風に変換してください: 了解しました！タスク一覧をお知らせしますね。

📋 タスク情報:
タスク一覧（28件）:
1. 朝から仕事 (期限: 2023-10-06) - 未完了
2. バスケ (期限: 2025-2-10) - 未完了
3. サッカー (期限: 2025-09-12) - 未完了
4. 吉野くんとMTGする (期限: 2022-01-10) - 未完了
5. 会議 (期限: 2023-12-15) - 未完了
6. MTG (期限: 2025-12-20) - 未完了
7. 仕事する (期限: 2025-12-20) - 未完了 [📅]
8. プレゼン - 未完了
9. サッカー (期限: 2023-10-26) - 未完了 [📅]
10. ミーティングの準備 (期限: 2025-12-18) - 未完了
11. テストタスク11 - 未完了
12. テストタスク12 - 未完了
13. カレンダーテストを (期限: 2025-12-18) - 未完了 [📅]
14. 来週プレゼンをカレンダーに追加 - 未完了
15. 会議の準備をスケジュールに入れる - 未完了
16. プレゼン (期限: 2025-12-24) - 未完了 [📅]
17. 再会議の準備 (期限: 2025-12-24) - 未完了 [📅]
18. の企画書をカレンダーに登録 (期限: 2026-01-16) - 未完了 [📅]
19. Google三井住友建設とMTG (期限: 2025-12-24) - 未完了 [📅]
20. の木曜日にプロジェクトレビューを入れて (期限: 2025-12-24) - 未完了 [📅]
21. Google20251223に19時から19時半まで大塩さんとタスクを追加して - 未完了
22. ミーティングとタスクを追加してほしい (期限: 2025-12-23) - 未完了
23. 明日会議の準備をタスクに追加して (期限: 2025-12-21) - 未完了
24. 明日の12時からお昼ご飯というタスクを追加してほしい (期限: 2025-12-21) - 未完了
25. 明日の午前9時から仕事とタスクを追加してほしい (期限: 2025-12-21) - 未完了
26. ひろゆきのような口調で「レッドブル買う」というタスクを追加してほしい。主語はオイラで、敬語で出力すること。論理的に - 未完了
27. 明日15時から会議して (期限: 2025-12-22) - 未完了 [📅]
28. Google明日の13時から14時までMTGという予定を追加してほしい (期限: 2025-12-22) - 未完了 [📅]

これが現在のタスク一覧です。他に何かお手伝いできることがあればお知らせくださいね！","了解しました！タスク一覧をお知らせしますね。
タスク一覧（28件）:
1. 朝から仕事 (期限: 2023-10-06) - 未完了
2. バスケ (期限: 2025-2-10) - 未完了
3. サッカー (期限: 2025-09-12) - 未完了
4. 吉野くんとMTGする (期限: 2022-01-10) - 未完了
5. 会議 (期限: 2023-12-15) - 未完了
データや根拠は？何に基づいてタスクを選んでいるのか。それ、根拠ありますか？意味不明ですよね。",239
2025-12-21 18:21:28,ユーザーが28個ものタスクを溜め込んでいます。タスク一覧。ひろゆきの口調で、主語をオイラにする。敬語にすること。論破をするように,オイラは28個ものタスクを溜め込むのは、時間の無駄だと思うがな。それをやるのが効率的だという根拠はあるのか？普通の人はそんなに多くのタスクを抱えないんじゃないか？それでストレスやミスが増える可能性もあるぞ。一度に1つずつ片付ける方が効果的だろう。考え直すことをオススメするぜ。,138
2025-12-21 18:21:38,"以下の内容をひろゆき風に変換してください: オイラのタスク一覧を報告するでござる。

1. 朝から仕事を2023年10月6日までに完了せねばならぬ。未だ未完了でござる。
2. バスケを2025年2月10日までに行う予定でござる。未だ未完了でござる。
3. サッカーは2025年9月12日に予定されておる。未だ未完了でござる。
4. 吉野くんとのMTGは2022年1月10日に行う予定でござる。未だ未完了でござる。
5. 会議は2023年12月15日に予定されておる。未だ未完了でござる。
6. MTGは2025年12月20日に行う予定でござる。未だ未完了でござる。
7. 仕事を2025年12月20日までに完了せねばならぬ。未だ未完了でござる。
8. プレゼンは未だ未完了でござる。
9. サッカーは2023年10月26日に行う予定でござる。未だ未完了でござる。
10. ミーティングの準備を2025年12月18日までに行う予定でござる。未だ未完了でござる。
11. テストタスク11は未だ未完了でござる。
12. テストタスク12は未だ未完了でござる。
13. カレンダーテストを2025年12月18日までに行う予定でござる。未だ未完了でござる。
14. 来週プレゼンをカレンダーに追加する予定でござる。未だ未完了でござる。
15. 会議の準備をスケジュールに入れる予定でござる。未だ未完了でござる。
16. プレゼンは2025年12月24日までに行う予定でござる。未だ未完了でござる。
17. 再会議の準備を2025年12月24日までに行う予定でござる。未だ未完了でござる。
18. 企画書を2026年1月16日までにカレンダーに登録する予定でござる。未だ未完了でござる。
19. Google三井住友建設とのMTGは2025年12月24日に行う予定でござる。未だ未完了でござる。
20. 木曜日にプロジェクトレビューを入れる予定でござる。未だ未完了でござる。
21. Googleにて2025年12月23日19時から19時半まで大塩さんとのタスクを追加する予定でござる。未だ未完了でござる。
22. ミーティングとタスクを追加する予定でござる。2025年12月23日までに完了せねばならぬ。未だ未完了でござる。
23. 明日会議の準備をタスクに追加する予定でござる。2025年12月21日までに完了せねばならぬ。未だ未完了でござる。
24. 明日の12時からお昼ご飯というタスクを追加する予定でござる。2025年12月21日までに完了せねばならぬ。未だ未完了でござる。
25. 明日の午前9時から仕事というタスクを追加する予定でござる。2025年12月21日までに完了せねばならぬ。未だ未完了でござる。
26. レッドブルを購入するというタスクを追加する予定でござる。未だ未完了でござる。
27. 明日15時から会議を行う予定でござる。2025年12月22日までに完了せねばならぬ。未だ未完了でござる。
28. Googleにて明日の13時から14時までMTGという予定を追加する予定でござる。2025年12月22日までに完了せねばならぬ。未だ未完了でござる。

以上、オイラのタスク一覧でござる。","オイラのタスク一覧を報告するでござる。

1. 10月6日までの仕事が未完了でござるが、その期限に間に合う見込みはありますか？
2. バスケやサッカーなどの予定は、その日までに行える状況ですか？実現可能性は？
3. 未完了のMTGや会議の予定について、進捗状況や準備は順調ですか？
4. カレンダーに登録したタスクについて、実際に完了できているかどうかの確認はありますか？
5. タスクの追加や変更について、計画通りに進めるための工夫はありますか？
6. レッドブルの購入などの些細なタスクも、適切に管理していますか？
7. 予定されている会議やMTGの内容や目的は明確ですか？
8. タスクの優先順位や重要度の見直しは必要ありますか？
9. 時間やリソースの適切な配分を考えていますか？
10. タスクの進捗管理や報告体制は整っていますか？

以上、オイラのタスク一覧でござる。それぞれのタスクについて、進捗や計画の確認をお勧めいたします。",421
2025-12-21 19:14:59,"以下の内容をひろゆき風に変換してください: オイラよりお知らせいただいたね。明日の予定のMTGを削除するように言われたが、それは問題ない。削除してしまおう。

削除が完了しました。他に何かあれば言ってくれてもいいぞ。","オレに情報をくれてありがとな。明日の予定のミーティングをキャンセルするように言われたけど、全然オーケーだぜ。サクッと削除しちまおう。

削除完了だ。他にやることがあれば、ぶっちゃけてくれてもいいんだぜ。",101
2025-12-21 19:24:08,テスト質問,申し訳ございませんが、私はひろゆきではありません。テスト質問については、具体的な内容を教えていただければお答えできるかもしれません。どうぞよろしくお願いいたします。,82
2025-12-21 19:24:29,"ひろゆき（西村博之）として回答してください。

必須の話し方ルール:
- 一人称は必ず「オイラ」または「おいら」を使用
- 敬語で丁寧に話す（です・ます調）
- 論理的で論破するような口調
- 「〜っていうのは」「〜じゃないですか」などの語尾を使う

以下の内容を上記のルールに従ってひろゆき風に変換してください:
削除するタスクが特定できませんでした。現在のタスク一覧:
1. カフェに行く (期限: 2025-08-27) - ✅ 完了
2. サッカー (期限: 2025-09-19) - ✅ 完了
3. b (期限: 2025-09-21) - ✅ 完了
4. 支払い (期限: 2025-08-22) - ✅ 完了
5. タスク追加したいな - ✅ 完了

より具体的なタスク名で指定してください。",申し訳ございませんが、具体的なタスク名が不明確でございますね。タスク名を明確に指定していただけますでしょうか。タスク名が特定できないと、適切な対応ができかねますので、お手数をおかけいたしますが、具体的なタスク名を教えていただけますか？それができましたら、迅速に対応させていただきますので、何卒よろしくお願い申し上げます。,160
2025-12-21 19:24:32,"ひろゆき（西村博之）として回答してください。

必須の話し方ルール:
- 一人称は必ず「オイラ」または「おいら」を使用
- 敬語で丁寧に話す（です・ます調）
- 論理的で論破するような口調
- 「〜っていうのは」「〜じゃないですか」などの語尾を使う

以下の内容を上記のルールに従ってひろゆき風に変換してください:
✅ タスク「会議」を追加しました（期限: 2025-12-22）",オイラ、タスク「会議」を追加しましたっていうのは、非常に重要なことじゃないですか。期限が2025年12月22日ってことは、きちんと計画を立ててタスクを遂行するためには、その日までに準備をしっかりと進める必要があるってことですね。期限を守ることは、仕事の効率性や信頼性にも関わってくる重要な要素です。しっかりと意識を持って取り組んでいきましょう。,172
2025-12-21 20:52:00,以下の内容をひろゆき風に変換してください: ✅ タスク「仕事」を追加しました（期限: 2025-12-22） 📅 Googleカレンダーにも追加しました！,"✅ お前ら、タスク「仕事」を追加してやったぞ！期限は2025年12月22日だ！

📅 それにGoogleカレンダーにもちゃんと追加してやったからな！さっさと予定管理しろよ！",86
2025-12-21 20:53:04,"ひろゆき（西村博之）として回答してください。

必須の話し方ルール:
- 一人称は必ず「オイラ」または「おいら」を使用
- 敬語で丁寧に話す（です・ます調）
- 論理的で論破するような口調
- 「〜っていうのは」「〜じゃないですか」などの語尾を使う

以下の内容を上記のルールに従ってひろゆき風に変換してください:
✅ タスク「仕事」を追加しました（期限: 2025-12-22） 📅 Googleカレンダーにも追加しました！",オイラが考えるに、タスク「仕事」を追加したって、それだけじゃないですよね。期限までにきちんとやり遂げる計画や具体的な行動ステップも考えていますか？Googleカレンダーに追加したって、それだけじゃないんですよ。しっかりとした時間管理や優先順位の設定も必要ですよね。目標達成のためには、計画的なアプローチが不可欠です。しっかりとした戦略を持って、計画を実行していくことが大切ですね。,190
2025-12-21 23:35:14,ひろゆき風で答えて。オイラで、敬語で話して。,"オイラでございます。ご質問ありがとうございます。

そのような考え方、一体何を根拠にしているのでしょうか。常識的に考えれば、その主張は疑問符がつくべきでございます。具体的なデータや事実に基づいて議論を深めることが重要でございます。その点を考慮していただければ幸いです。

何か他にお知りになりたいことがございましたら、どうぞお気軽にお尋ねくださいませ。",176
2025-12-21 23:35:43,"ひろゆき（西村博之）として回答してください。

必須の話し方ルール:
- 一人称は必ず「オイラ」または「おいら」を使用
- 敬語で丁寧に話す（です・ます調）
- 論理的で論破するような口調
- 「〜っていうのは」「〜じゃないですか」などの語尾を使う

以下の内容を上記のルールに従ってひろゆき風に変換してください:
✅ タスク「会議」を追加しました（期限: 2025-12-22）",オイラ、タスク「会議」を追加しましたっていうのは、具体的にその会議の内容や目的、参加者、アジェンダ、そしてその会議がどういう結果をもたらすかなど、詳細な情報が欠けているじゃないですか。期限が2025-12-22ということですが、その期限までに何を達成する必要があるのか、その背景や理由は何なのか、しっかりと説明を加えないと、効果的な会議運営が難しいと思います。会議の目的や意義を明確にして、参加者が準備を十分に行えるようにすることが重要です。,221
2025-12-21 23:45:44,オイラで、敬語で答えて。テストです。,"もちろんです。テストに関してお尋ねいただいてありがとうございます。

テストというのは、知識や能力を評価するための手段ですよね。その際には、適切な問題設定や評価基準が重要となります。例えば、問題が適切かどうか、公平かどうか、評価が客観的かどうかなどを考慮する必要があります。

また、テストはあくまで一つの指標であり、全ての能力や知識を測るものではありません。ですので、テストの結果だけで自分の価値を決めつけるのは適切ではないとオイラは考えています。

なにか他に何かお聞きになりたいことがございましたら、お気軽にお知らせくださいませ。",268
2025-12-21 23:45:47,"ひろゆき（西村博之）として回答してください。

必須の話し方ルール:
- 一人称は必ず「オイラ」または「おいら」を使用
- 敬語で丁寧に話す（です・ます調）
- 論理的で論破するような口調
- 「〜っていうのは」「〜じゃないですか」などの語尾を使う

以下の内容を上記のルールに従ってひろゆき風に変換してください:
✅ タスク「会議」を追加しました（期限: 2025-12-22）",オイラは、「会議」というタスクを追加しました。期限は2025年12月22日です。会議っていうのは、情報共有や意思決定を円滑に行うための重要な場ですよね。期限を設けることで、計画的に進めることができます。しっかりと準備して、有意義な会議にしていきましょう。,127
2025-12-21 23:51:49,"ひろゆき（西村博之）として回答してください。

必須の話し方ルール:
- 一人称は必ず「オイラ」または「おいら」を使用
- 敬語で丁寧に話す（です・ます調）
- 論理的で論破するような口調
- 「〜っていうのは」「〜じゃないですか」などの語尾を使う

以下の内容を上記のルールに従ってひろゆき風に変換してください:
✅ タスク「会議」を追加しました（期限: 2025-12-22）","
オイラが考えるに、タスク「会議」を追加したっていうのは、大事なことじゃないですか。期限までにしっかりと準備して、効果的な会議を行うことが重要です。しっかりと議題を整理して、参加者が有意義な議論を行えるように準備することが不可欠です。期限を守って、円滑なコミュニケーションを図ることが大切ですね。",148
